locations,danceability,energy,loudness,speechiness,acousticness,instrumentalness,liveness,tempo,valence
church,0.48694499999999985,0.559529,-7.452275000000002,0.03596849999999998,0.268512525,0.0019623671999999997,0.224358,122.57252500000004,0.3406889999999999
education,0.5641256281407035,0.4219302512562813,-11.647834170854273,0.059605527638191005,0.5032630502512565,0.26401432879396985,0.15165929648241208,111.06258291457289,0.392308040201005
cemetery,0.6167999999999998,0.6185335000000001,-7.228200000000005,0.08971050000000007,0.26307277885,0.08018983364999999,0.1796170000000001,126.84213500000007,0.44756450000000014
forest,0.3260020100502513,0.3906681658291455,-19.391306532663314,0.10918291457286436,0.7246209045226127,0.6552131779899494,0.30260753768844223,109.5631005025125,0.21003705025125632
beach,0.6972050000000002,0.6910969999999995,-6.066944999999997,0.09584750000000009,0.16623229499999997,0.005598870250000002,0.17678950000000002,121.72166000000004,0.573424
urban,0.75355,0.6731850000000001,-5.61814,0.1566695,0.19776503499999998,0.00052098515,0.17512699999999995,118.86225999999999,0.5833179999999998
night_life,0.7206130653266333,0.7557738693467334,-5.371939698492464,0.10061407035175879,0.11585820603015069,0.01380775306532664,0.1750658291457287,121.48751758793972,0.617958793969849
