locations,danceability,energy,loudness,speechiness,acousticness,instrumentalness,liveness,tempo,valence
church,0.44943000000000005,0.542952,-7.347220000000001,0.035459,0.27563061,0.00021570820000000002,0.24509399999999995,131.33875000000006,0.2825109999999999
education,0.5341100000000002,0.42092919999999995,-10.87464,0.05451500000000002,0.4838520700000001,0.17070344120000003,0.17886500000000002,117.07913999999997,0.369372
cemetery,0.519472,0.558455,-9.909779999999998,0.08098999999999998,0.3483233339999998,0.22459701759999998,0.18560100000000004,122.20134000000006,0.3607499999999999
forest,0.33434800000000003,0.37148999999999993,-17.628750000000007,0.06991900000000001,0.6810975000000002,0.5110052913000002,0.34883400000000003,110.12052000000001,0.24944372999999992
beach,0.6973400000000002,0.7069299999999998,-5.959019999999998,0.09207599999999999,0.15715999999999997,0.0106134076,0.17830799999999988,121.41465000000002,0.5887599999999997
urban,0.7437699999999999,0.6861600000000001,-5.796289999999999,0.17233600000000007,0.15435225999999996,0.0209509834,0.18483000000000005,121.69953,0.5253429999999999
night_life,0.7116800000000002,0.7766200000000002,-5.278429999999998,0.09244500000000005,0.11347014999999999,0.0180155958,0.16639800000000005,123.50377000000002,0.6366499999999998
