locations,danceability,energy,loudness,speechiness,acousticness,instrumentalness,liveness,tempo,valence
church,0.4648799999999999,0.5781699999999999,-6.891500000000003,0.035179,0.21919432000000008,0.00019372339999999998,0.27375399999999983,127.76769999999995,0.283141
education,0.5529299999999998,0.5273361999999999,-10.444330000000003,0.054537000000000016,0.3769047649999998,0.159634985,0.154322,114.03552999999997,0.42965599999999965
cemetery,0.5363450000000001,0.609606,-8.173869999999999,0.07654700000000002,0.28119655199999977,0.12866137370000005,0.19301799999999994,126.88935000000005,0.4232009999999998
forest,0.350049,0.429191,-18.96549,0.09983399999999999,0.672408653,0.5657340241000001,0.3747100000000001,109.68466000000002,0.24572772999999995
beach,0.6961100000000005,0.7018400000000002,-6.098469999999996,0.090818,0.17613012999999994,0.004216681100000001,0.17969199999999994,121.34008,0.6084930000000002
urban,0.7404599999999997,0.6818999999999998,-5.399889999999999,0.13300500000000004,0.16884190000000007,0.0050651105,0.16665400000000005,120.46998999999998,0.5397029999999999
night_life,0.7108800000000002,0.7889700000000001,-5.103510000000001,0.08501700000000001,0.10231834999999999,0.02061834,0.168596,122.96514999999998,0.6373579999999998
