locations,danceability,energy,loudness,speechiness,acousticness,instrumentalness,liveness,tempo,valence
church,0.4649639999999998,0.5162534499999999,-7.963249999999999,0.035303499999999995,0.33071317499999997,0.009483997850000002,0.21732949999999995,121.36829999999998,0.3133335
education,0.61517,0.6217004499999998,-8.240585000000001,0.07233650000000004,0.28461580799999997,0.07296430065,0.17329999999999998,119.58214000000002,0.5354769999999999
cemetery,0.6216199999999997,0.6308685000000004,-7.584190000000003,0.09930000000000003,0.26243998100000004,0.0786888828,0.19049300000000013,129.14369999999997,0.5022144999999999
forest,0.32590150753768843,0.3898038442211053,-19.389256281407032,0.10916783919597993,0.7246812060301504,0.6540825247236176,0.3026577889447236,109.63515577889441,0.20970287939698498
beach,0.6853000000000001,0.6974669999999995,-6.163635,0.06439950000000001,0.18792602500000005,0.0029575591500000005,0.17728899999999992,119.74570500000002,0.6131340000000004
urban,0.7096300000000002,0.6938000000000002,-6.4382699999999975,0.10506850000000002,0.1875433905,0.021507723099999997,0.1900060000000001,117.80194000000003,0.5680869999999998
night_life,0.7207989949748744,0.7547839195979896,-5.381231155778896,0.10088140703517587,0.11903014572864318,0.013807726432160808,0.17186934673366835,121.43318592964829,0.6177175879396982
