danceability, 0.69354
energy, 0.6826599999999999
key, 5.46
loudness, -6.723569999999998
speechiness, 0.08310700000000003
acousticness, 0.17023772999999995
instrumentalness, 0.0073017082
liveness, 0.15944299999999997
tempo, 121.73228999999992
